<?xml version="1.0"?>
<!--
/**
 * Mageplaza
 *
 * NOTICE OF LICENSE
 *
 * This source file is subject to the Mageplaza.com license that is
 * available through the world-wide-web at this URL:
 * https://www.mageplaza.com/LICENSE.txt
 *
 * DISCLAIMER
 *
 * Do not edit or add to this file if you wish to upgrade this extension to newer
 * version in the future.
 *
 * @category    Mageplaza
 * @package     Mageplaza_SeoUrl
 * @copyright   Copyright (c) Mageplaza (https://www.mageplaza.com/)
 * @license     https://www.mageplaza.com/LICENSE.txt
 */
-->
<config xmlns:xsi="http://www.w3.org/2001/XMLSchema-instance" xsi:noNamespaceSchemaLocation="urn:magento:framework:ObjectManager/etc/config.xsd">
    <preference for="Magento\Store\App\Request\PathInfoProcessor" type="Mageplaza\SeoUrl\App\Request\StorePathInfoProcessor"/>
    <preference for="Magento\Backend\App\Request\PathInfoProcessor" type="Mageplaza\SeoUrl\App\Request\BackendPathInfoProcessor"/>

    <type name="Mageplaza\SeoUrl\App\Request\BackendPathInfoProcessor">
        <arguments>
            <argument name="subject" xsi:type="object">Mageplaza\SeoUrl\App\Request\PathInfoProcessor\Proxy</argument>
        </arguments>
    </type>
</config>
